1, 2, 0.0292
1, 3, 0.0196
1, 4, 0.0395
1, 5, 0.0404
1, 6, 0.0493
1, 7, 0.0296
1, 8, 0.0300
1, 9, 0.0492
1, 10, 0.0392
1, 11, 0.0495
1, 12, 0.0196
1, 13, 0.0196
1, 14, 0.0401
1, 15, 0.0497
1, 16, 0.0400
1, 17, 0.0294
1, 18, 0.0294
1, 19, 0.0498
1, 20, 0.0402
1, 21, 0.0500
1, 22, 0.0196
1, 23, 0.0397
1, 24, 0.0397
1, 25, 0.0502
1, 26, 0.0390
1, 27, 0.0196
1, 28, 0.0297
1, 29, 0.0399
1, 30, 0.0492
1, 31, 0.0397
1, 32, 0.0196
1, 33, 0.0293
1, 34, 0.0491
1, 35, 0.0400
1, 36, 0.0392
1, 37, 0.0196
1, 38, 0.0294
1, 39, 0.0391
1, 40, 0.0496
1, 41, 0.0395
1, 42, 0.0292
1, 43, 0.0294
1, 44, 0.0500
1, 45, 0.0395
1, 46, 0.0298
1, 47, 0.0196
1, 48, 0.0401
1, 49, 0.0497
1, 50, 0.0394
1, 51, 0.0297
1, 52, 0.0298
1, 53, 0.0395
1, 54, 0.0397
1, 55, 0.0499
1, 56, 0.0295
1, 57, 0.0196
1, 58, 0.0397
1, 59, 0.0488
2, 3, 0.00961
2, 4, 0.0296
2, 5, 0.0304
2, 6, 0.0393
2, 7, 0.0196
2, 8, 0.0200
2, 9, 0.0392
2, 10, 0.0292
2, 11, 0.0395
2, 12, 0.00961
2, 13, 0.00961
2, 14, 0.0301
2, 15, 0.0397
2, 16, 0.0300
2, 17, 0.0194
2, 18, 0.0195
2, 19, 0.0398
2, 20, 0.0302
2, 21, 0.0400
2, 22, 0.00961
2, 23, 0.0297
2, 24, 0.0297
2, 25, 0.0402
2, 26, 0.0290
2, 27, 0.00961
2, 28, 0.0197
2, 29, 0.0299
2, 30, 0.0392
2, 31, 0.0297
2, 32, 0.00961
2, 33, 0.0194
2, 34, 0.0391
2, 35, 0.0300
2, 36, 0.0292
2, 37, 0.00961
2, 38, 0.0194
2, 39, 0.0291
2, 40, 0.0396
2, 41, 0.0295
2, 42, 0.0192
2, 43, 0.0194
2, 44, 0.0400
2, 45, 0.0295
2, 46, 0.0198
2, 47, 0.00961
2, 48, 0.0301
2, 49, 0.0397
2, 50, 0.0294
2, 51, 0.0197
2, 52, 0.0198
2, 53, 0.0295
2, 54, 0.0297
2, 55, 0.0399
2, 56, 0.0195
2, 57, 0.00961
2, 58, 0.0297
2, 59, 0.0389
3, 4, 0.0200
3, 5, 0.0208
3, 6, 0.0297
3, 7, 0.0100
3, 8, 0.0104
3, 9, 0.0296
3, 10, 0.0196
3, 11, 0.0299
3, 12, 0
3, 13, 0
3, 14, 0.0205
3, 15, 0.0301
3, 16, 0.0204
3, 17, 0.00983
3, 18, 0.00985
3, 19, 0.0302
3, 20, 0.0206
3, 21, 0.0304
3, 22, 0
3, 23, 0.0201
3, 24, 0.0201
3, 25, 0.0306
3, 26, 0.0194
3, 27, 0
3, 28, 0.0101
3, 29, 0.0203
3, 30, 0.0296
3, 31, 0.0201
3, 32, 0
3, 33, 0.00975
3, 34, 0.0295
3, 35, 0.0204
3, 36, 0.0196
3, 37, 0
3, 38, 0.00979
3, 39, 0.0195
3, 40, 0.0300
3, 41, 0.0199
3, 42, 0.00958
3, 43, 0.00982
3, 44, 0.0304
3, 45, 0.0199
3, 46, 0.0102
3, 47, 0
3, 48, 0.0205
3, 49, 0.0301
3, 50, 0.0198
3, 51, 0.0101
3, 52, 0.0102
3, 53, 0.0199
3, 54, 0.0201
3, 55, 0.0303
3, 56, 0.00992
3, 57, 0
3, 58, 0.0201
3, 59, 0.0292
4, 5, 0.0407
4, 6, 0.0496
4, 7, 0.0300
4, 8, 0.0304
4, 9, 0.0495
4, 10, 0.0395
4, 11, 0.0499
4, 12, 0.0200
4, 13, 0.0200
4, 14, 0.0404
4, 15, 0.0500
4, 16, 0.0404
4, 17, 0.0298
4, 18, 0.0298
4, 19, 0.0502
4, 20, 0.0405
4, 21, 0.0503
4, 22, 0.0200
4, 23, 0.0401
4, 24, 0.0400
4, 25, 0.0505
4, 26, 0.0393
4, 27, 0.0200
4, 28, 0.0301
4, 29, 0.0402
4, 30, 0.0496
4, 31, 0.0400
4, 32, 0.0200
4, 33, 0.0297
4, 34, 0.0495
4, 35, 0.0403
4, 36, 0.0396
4, 37, 0.0200
4, 38, 0.0297
4, 39, 0.0395
4, 40, 0.0499
4, 41, 0.0398
4, 42, 0.0295
4, 43, 0.0298
4, 44, 0.0504
4, 45, 0.0399
4, 46, 0.0302
4, 47, 0.0200
4, 48, 0.0405
4, 49, 0.0501
4, 50, 0.0398
4, 51, 0.0301
4, 52, 0.0301
4, 53, 0.0399
4, 54, 0.0401
4, 55, 0.0503
4, 56, 0.0299
4, 57, 0.0200
4, 58, 0.0401
4, 59, 0.0492
5, 6, 0.0505
5, 7, 0.0308
5, 8, 0.0312
5, 9, 0.0504
5, 10, 0.0404
5, 11, 0.0507
5, 12, 0.0208
5, 13, 0.0208
5, 14, 0.0413
5, 15, 0.0509
5, 16, 0.0412
5, 17, 0.0306
5, 18, 0.0306
5, 19, 0.0510
5, 20, 0.0414
5, 21, 0.0512
5, 22, 0.0208
5, 23, 0.0409
5, 24, 0.0408
5, 25, 0.0514
5, 26, 0.0402
5, 27, 0.0208
5, 28, 0.0309
5, 29, 0.0411
5, 30, 0.0504
5, 31, 0.0408
5, 32, 0.0208
5, 33, 0.0305
5, 34, 0.0503
5, 35, 0.0411
5, 36, 0.0404
5, 37, 0.0208
5, 38, 0.0306
5, 39, 0.0403
5, 40, 0.0507
5, 41, 0.0406
5, 42, 0.0304
5, 43, 0.0306
5, 44, 0.0512
5, 45, 0.0407
5, 46, 0.0310
5, 47, 0.0208
5, 48, 0.0413
5, 49, 0.0509
5, 50, 0.0406
5, 51, 0.0309
5, 52, 0.0310
5, 53, 0.0407
5, 54, 0.0409
5, 55, 0.0511
5, 56, 0.0307
5, 57, 0.0208
5, 58, 0.0409
5, 59, 0.0500
6, 7, 0.0397
6, 8, 0.0401
6, 9, 0.0593
6, 10, 0.0493
6, 11, 0.0596
6, 12, 0.0297
6, 13, 0.0297
6, 14, 0.0502
6, 15, 0.0598
6, 16, 0.0501
6, 17, 0.0395
6, 18, 0.0395
6, 19, 0.0599
6, 20, 0.0503
6, 21, 0.0601
6, 22, 0.0297
6, 23, 0.0498
6, 24, 0.0498
6, 25, 0.0603
6, 26, 0.0491
6, 27, 0.0297
6, 28, 0.0398
6, 29, 0.0500
6, 30, 0.0593
6, 31, 0.0498
6, 32, 0.0297
6, 33, 0.0394
6, 34, 0.0592
6, 35, 0.0500
6, 36, 0.0493
6, 37, 0.0297
6, 38, 0.0395
6, 39, 0.0492
6, 40, 0.0597
6, 41, 0.0496
6, 42, 0.0393
6, 43, 0.0395
6, 44, 0.0601
6, 45, 0.0496
6, 46, 0.0399
6, 47, 0.0297
6, 48, 0.0502
6, 49, 0.0598
6, 50, 0.0495
6, 51, 0.0398
6, 52, 0.0399
6, 53, 0.0496
6, 54, 0.0498
6, 55, 0.0600
6, 56, 0.0396
6, 57, 0.0297
6, 58, 0.0498
6, 59, 0.0589
7, 8, 0.0205
7, 9, 0.0396
7, 10, 0.0296
7, 11, 0.0399
7, 12, 0.0100
7, 13, 0.0100
7, 14, 0.0305
7, 15, 0.0401
7, 16, 0.0304
7, 17, 0.0199
7, 18, 0.0199
7, 19, 0.0403
7, 20, 0.0306
7, 21, 0.0404
7, 22, 0.0100
7, 23, 0.0302
7, 24, 0.0301
7, 25, 0.0406
7, 26, 0.0294
7, 27, 0.0100
7, 28, 0.0202
7, 29, 0.0303
7, 30, 0.0397
7, 31, 0.0301
7, 32, 0.0100
7, 33, 0.0198
7, 34, 0.0396
7, 35, 0.0304
7, 36, 0.0297
7, 37, 0.0100
7, 38, 0.0198
7, 39, 0.0296
7, 40, 0.0400
7, 41, 0.0299
7, 42, 0.0196
7, 43, 0.0199
7, 44, 0.0404
7, 45, 0.0299
7, 46, 0.0202
7, 47, 0.0100
7, 48, 0.0306
7, 49, 0.0401
7, 50, 0.0299
7, 51, 0.0201
7, 52, 0.0202
7, 53, 0.0300
7, 54, 0.0301
7, 55, 0.0404
7, 56, 0.0200
7, 57, 0.0100
7, 58, 0.0302
7, 59, 0.0393
8, 9, 0.0400
8, 10, 0.0300
8, 11, 0.0403
8, 12, 0.0104
8, 13, 0.0104
8, 14, 0.0309
8, 15, 0.0405
8, 16, 0.0308
8, 17, 0.0203
8, 18, 0.0203
8, 19, 0.0406
8, 20, 0.0310
8, 21, 0.0408
8, 22, 0.0104
8, 23, 0.0305
8, 24, 0.0305
8, 25, 0.0410
8, 26, 0.0298
8, 27, 0.0104
8, 28, 0.0206
8, 29, 0.0307
8, 30, 0.0400
8, 31, 0.0305
8, 32, 0.0104
8, 33, 0.0202
8, 34, 0.0400
8, 35, 0.0308
8, 36, 0.0301
8, 37, 0.0104
8, 38, 0.0202
8, 39, 0.0300
8, 40, 0.0404
8, 41, 0.0303
8, 42, 0.0200
8, 43, 0.0202
8, 44, 0.0408
8, 45, 0.0303
8, 46, 0.0206
8, 47, 0.0104
8, 48, 0.0309
8, 49, 0.0405
8, 50, 0.0303
8, 51, 0.0205
8, 52, 0.0206
8, 53, 0.0304
8, 54, 0.0305
8, 55, 0.0407
8, 56, 0.0203
8, 57, 0.0104
8, 58, 0.0305
8, 59, 0.0397
9, 10, 0.0492
9, 11, 0.0595
9, 12, 0.0296
9, 13, 0.0296
9, 14, 0.0501
9, 15, 0.0597
9, 16, 0.0500
9, 17, 0.0394
9, 18, 0.0394
9, 19, 0.0598
9, 20, 0.0502
9, 21, 0.0600
9, 22, 0.0296
9, 23, 0.0497
9, 24, 0.0497
9, 25, 0.0602
9, 26, 0.0490
9, 27, 0.0296
9, 28, 0.0397
9, 29, 0.0499
9, 30, 0.0592
9, 31, 0.0497
9, 32, 0.0296
9, 33, 0.0393
9, 34, 0.0591
9, 35, 0.0499
9, 36, 0.0492
9, 37, 0.0296
9, 38, 0.0394
9, 39, 0.0491
9, 40, 0.0596
9, 41, 0.0494
9, 42, 0.0392
9, 43, 0.0394
9, 44, 0.0600
9, 45, 0.0495
9, 46, 0.0398
9, 47, 0.0296
9, 48, 0.0501
9, 49, 0.0597
9, 50, 0.0494
9, 51, 0.0397
9, 52, 0.0398
9, 53, 0.0495
9, 54, 0.0497
9, 55, 0.0599
9, 56, 0.0395
9, 57, 0.0296
9, 58, 0.0497
9, 59, 0.0588
10, 11, 0.0495
10, 12, 0.0196
10, 13, 0.0196
10, 14, 0.0401
10, 15, 0.0497
10, 16, 0.0400
10, 17, 0.0294
10, 18, 0.0294
10, 19, 0.0498
10, 20, 0.0402
10, 21, 0.0500
10, 22, 0.0196
10, 23, 0.0397
10, 24, 0.0397
10, 25, 0.0502
10, 26, 0.0390
10, 27, 0.0196
10, 28, 0.0297
10, 29, 0.0399
10, 30, 0.0492
10, 31, 0.0397
10, 32, 0.0196
10, 33, 0.0293
10, 34, 0.0491
10, 35, 0.0400
10, 36, 0.0392
10, 37, 0.0196
10, 38, 0.0294
10, 39, 0.0391
10, 40, 0.0496
10, 41, 0.0395
10, 42, 0.0292
10, 43, 0.0294
10, 44, 0.0500
10, 45, 0.0395
10, 46, 0.0298
10, 47, 0.0196
10, 48, 0.0401
10, 49, 0.0497
10, 50, 0.0394
10, 51, 0.0297
10, 52, 0.0298
10, 53, 0.0395
10, 54, 0.0397
10, 55, 0.0499
10, 56, 0.0295
10, 57, 0.0196
10, 58, 0.0397
10, 59, 0.0488
11, 12, 0.0299
11, 13, 0.0299
11, 14, 0.0504
11, 15, 0.0600
11, 16, 0.0503
11, 17, 0.0397
11, 18, 0.0398
11, 19, 0.0601
11, 20, 0.0505
11, 21, 0.0603
11, 22, 0.0299
11, 23, 0.0500
11, 24, 0.0500
11, 25, 0.0605
11, 26, 0.0493
11, 27, 0.0299
11, 28, 0.0400
11, 29, 0.0502
11, 30, 0.0595
11, 31, 0.0500
11, 32, 0.0299
11, 33, 0.0397
11, 34, 0.0594
11, 35, 0.0503
11, 36, 0.0495
11, 37, 0.0299
11, 38, 0.0397
11, 39, 0.0494
11, 40, 0.0599
11, 41, 0.0498
11, 42, 0.0395
11, 43, 0.0397
11, 44, 0.0603
11, 45, 0.0498
11, 46, 0.0401
11, 47, 0.0299
11, 48, 0.0504
11, 49, 0.0600
11, 50, 0.0497
11, 51, 0.0400
11, 52, 0.0401
11, 53, 0.0498
11, 54, 0.0500
11, 55, 0.0602
11, 56, 0.0398
11, 57, 0.0299
11, 58, 0.0500
11, 59, 0.0591
12, 13, 0
12, 14, 0.0205
12, 15, 0.0301
12, 16, 0.0204
12, 17, 0.00983
12, 18, 0.00985
12, 19, 0.0302
12, 20, 0.0206
12, 21, 0.0304
12, 22, 0
12, 23, 0.0201
12, 24, 0.0201
12, 25, 0.0306
12, 26, 0.0194
12, 27, 0
12, 28, 0.0101
12, 29, 0.0203
12, 30, 0.0296
12, 31, 0.0201
12, 32, 0
12, 33, 0.00975
12, 34, 0.0295
12, 35, 0.0204
12, 36, 0.0196
12, 37, 0
12, 38, 0.00979
12, 39, 0.0195
12, 40, 0.0300
12, 41, 0.0199
12, 42, 0.00958
12, 43, 0.00982
12, 44, 0.0304
12, 45, 0.0199
12, 46, 0.0102
12, 47, 0
12, 48, 0.0205
12, 49, 0.0301
12, 50, 0.0198
12, 51, 0.0101
12, 52, 0.0102
12, 53, 0.0199
12, 54, 0.0201
12, 55, 0.0303
12, 56, 0.00992
12, 57, 0
12, 58, 0.0201
12, 59, 0.0292
13, 14, 0.0205
13, 15, 0.0301
13, 16, 0.0204
13, 17, 0.00983
13, 18, 0.00985
13, 19, 0.0302
13, 20, 0.0206
13, 21, 0.0304
13, 22, 0
13, 23, 0.0201
13, 24, 0.0201
13, 25, 0.0306
13, 26, 0.0194
13, 27, 0
13, 28, 0.0101
13, 29, 0.0203
13, 30, 0.0296
13, 31, 0.0201
13, 32, 0
13, 33, 0.00975
13, 34, 0.0295
13, 35, 0.0204
13, 36, 0.0196
13, 37, 0
13, 38, 0.00979
13, 39, 0.0195
13, 40, 0.0300
13, 41, 0.0199
13, 42, 0.00958
13, 43, 0.00982
13, 44, 0.0304
13, 45, 0.0199
13, 46, 0.0102
13, 47, 0
13, 48, 0.0205
13, 49, 0.0301
13, 50, 0.0198
13, 51, 0.0101
13, 52, 0.0102
13, 53, 0.0199
13, 54, 0.0201
13, 55, 0.0303
13, 56, 0.00992
13, 57, 0
13, 58, 0.0201
13, 59, 0.0292
14, 15, 0.0506
14, 16, 0.0409
14, 17, 0.0303
14, 18, 0.0303
14, 19, 0.0507
14, 20, 0.0411
14, 21, 0.0509
14, 22, 0.0205
14, 23, 0.0406
14, 24, 0.0406
14, 25, 0.0511
14, 26, 0.0399
14, 27, 0.0205
14, 28, 0.0306
14, 29, 0.0408
14, 30, 0.0501
14, 31, 0.0406
14, 32, 0.0205
14, 33, 0.0302
14, 34, 0.0500
14, 35, 0.0408
14, 36, 0.0401
14, 37, 0.0205
14, 38, 0.0303
14, 39, 0.0400
14, 40, 0.0504
14, 41, 0.0403
14, 42, 0.0301
14, 43, 0.0303
14, 44, 0.0509
14, 45, 0.0404
14, 46, 0.0307
14, 47, 0.0205
14, 48, 0.0410
14, 49, 0.0506
14, 50, 0.0403
14, 51, 0.0306
14, 52, 0.0307
14, 53, 0.0404
14, 54, 0.0406
14, 55, 0.0508
14, 56, 0.0304
14, 57, 0.0205
14, 58, 0.0406
14, 59, 0.0497
15, 16, 0.0505
15, 17, 0.0399
15, 18, 0.0399
15, 19, 0.0603
15, 20, 0.0507
15, 21, 0.0605
15, 22, 0.0301
15, 23, 0.0502
15, 24, 0.0502
15, 25, 0.0607
15, 26, 0.0495
15, 27, 0.0301
15, 28, 0.0402
15, 29, 0.0504
15, 30, 0.0597
15, 31, 0.0502
15, 32, 0.0301
15, 33, 0.0398
15, 34, 0.0596
15, 35, 0.0504
15, 36, 0.0497
15, 37, 0.0301
15, 38, 0.0399
15, 39, 0.0496
15, 40, 0.0600
15, 41, 0.0499
15, 42, 0.0397
15, 43, 0.0399
15, 44, 0.0605
15, 45, 0.0500
15, 46, 0.0403
15, 47, 0.0301
15, 48, 0.0506
15, 49, 0.0602
15, 50, 0.0499
15, 51, 0.0402
15, 52, 0.0403
15, 53, 0.0500
15, 54, 0.0502
15, 55, 0.0604
15, 56, 0.0400
15, 57, 0.0301
15, 58, 0.0502
15, 59, 0.0593
16, 17, 0.0302
16, 18, 0.0303
16, 19, 0.0506
16, 20, 0.0410
16, 21, 0.0508
16, 22, 0.0204
16, 23, 0.0405
16, 24, 0.0405
16, 25, 0.0510
16, 26, 0.0398
16, 27, 0.0204
16, 28, 0.0305
16, 29, 0.0407
16, 30, 0.0500
16, 31, 0.0405
16, 32, 0.0204
16, 33, 0.0302
16, 34, 0.0500
16, 35, 0.0408
16, 36, 0.0401
16, 37, 0.0204
16, 38, 0.0302
16, 39, 0.0399
16, 40, 0.0504
16, 41, 0.0403
16, 42, 0.0300
16, 43, 0.0302
16, 44, 0.0508
16, 45, 0.0403
16, 46, 0.0306
16, 47, 0.0204
16, 48, 0.0409
16, 49, 0.0505
16, 50, 0.0403
16, 51, 0.0305
16, 52, 0.0306
16, 53, 0.0404
16, 54, 0.0405
16, 55, 0.0507
16, 56, 0.0303
16, 57, 0.0204
16, 58, 0.0405
16, 59, 0.0497
17, 18, 0.0197
17, 19, 0.0401
17, 20, 0.0304
17, 21, 0.0402
17, 22, 0.00983
17, 23, 0.0300
17, 24, 0.0299
17, 25, 0.0404
17, 26, 0.0292
17, 27, 0.00983
17, 28, 0.0200
17, 29, 0.0301
17, 30, 0.0394
17, 31, 0.0299
17, 32, 0.00983
17, 33, 0.0196
17, 34, 0.0394
17, 35, 0.0302
17, 36, 0.0295
17, 37, 0.00983
17, 38, 0.0196
17, 39, 0.0294
17, 40, 0.0398
17, 41, 0.0297
17, 42, 0.0194
17, 43, 0.0196
17, 44, 0.0402
17, 45, 0.0297
17, 46, 0.0200
17, 47, 0.00983
17, 48, 0.0304
17, 49, 0.0399
17, 50, 0.0297
17, 51, 0.0199
17, 52, 0.0200
17, 53, 0.0298
17, 54, 0.0299
17, 55, 0.0402
17, 56, 0.0197
17, 57, 0.00983
17, 58, 0.0300
17, 59, 0.0391
18, 19, 0.0401
18, 20, 0.0304
18, 21, 0.0402
18, 22, 0.00985
18, 23, 0.0300
18, 24, 0.0299
18, 25, 0.0404
18, 26, 0.0292
18, 27, 0.00985
18, 28, 0.0200
18, 29, 0.0301
18, 30, 0.0395
18, 31, 0.0299
18, 32, 0.00985
18, 33, 0.0196
18, 34, 0.0394
18, 35, 0.0302
18, 36, 0.0295
18, 37, 0.00985
18, 38, 0.0196
18, 39, 0.0294
18, 40, 0.0398
18, 41, 0.0297
18, 42, 0.0194
18, 43, 0.0197
18, 44, 0.0403
18, 45, 0.0298
18, 46, 0.0201
18, 47, 0.00985
18, 48, 0.0304
18, 49, 0.0400
18, 50, 0.0297
18, 51, 0.0200
18, 52, 0.0200
18, 53, 0.0298
18, 54, 0.0300
18, 55, 0.0402
18, 56, 0.0198
18, 57, 0.00985
18, 58, 0.0300
18, 59, 0.0391
19, 20, 0.0508
19, 21, 0.0606
19, 22, 0.0302
19, 23, 0.0503
19, 24, 0.0503
19, 25, 0.0608
19, 26, 0.0496
19, 27, 0.0302
19, 28, 0.0404
19, 29, 0.0505
19, 30, 0.0598
19, 31, 0.0503
19, 32, 0.0302
19, 33, 0.0400
19, 34, 0.0598
19, 35, 0.0506
19, 36, 0.0499
19, 37, 0.0302
19, 38, 0.0400
19, 39, 0.0498
19, 40, 0.0602
19, 41, 0.0501
19, 42, 0.0398
19, 43, 0.0400
19, 44, 0.0606
19, 45, 0.0501
19, 46, 0.0404
19, 47, 0.0302
19, 48, 0.0507
19, 49, 0.0603
19, 50, 0.0501
19, 51, 0.0403
19, 52, 0.0404
19, 53, 0.0502
19, 54, 0.0503
19, 55, 0.0605
19, 56, 0.0401
19, 57, 0.0302
19, 58, 0.0503
19, 59, 0.0595
20, 21, 0.0510
20, 22, 0.0206
20, 23, 0.0407
20, 24, 0.0407
20, 25, 0.0512
20, 26, 0.0400
20, 27, 0.0206
20, 28, 0.0307
20, 29, 0.0409
20, 30, 0.0502
20, 31, 0.0407
20, 32, 0.0206
20, 33, 0.0303
20, 34, 0.0501
20, 35, 0.0409
20, 36, 0.0402
20, 37, 0.0206
20, 38, 0.0304
20, 39, 0.0401
20, 40, 0.0505
20, 41, 0.0404
20, 42, 0.0302
20, 43, 0.0304
20, 44, 0.0510
20, 45, 0.0405
20, 46, 0.0308
20, 47, 0.0206
20, 48, 0.0411
20, 49, 0.0507
20, 50, 0.0404
20, 51, 0.0307
20, 52, 0.0308
20, 53, 0.0405
20, 54, 0.0407
20, 55, 0.0509
20, 56, 0.0305
20, 57, 0.0206
20, 58, 0.0407
20, 59, 0.0498
21, 22, 0.0304
21, 23, 0.0505
21, 24, 0.0505
21, 25, 0.0610
21, 26, 0.0498
21, 27, 0.0304
21, 28, 0.0405
21, 29, 0.0507
21, 30, 0.0600
21, 31, 0.0505
21, 32, 0.0304
21, 33, 0.0401
21, 34, 0.0599
21, 35, 0.0507
21, 36, 0.0500
21, 37, 0.0304
21, 38, 0.0402
21, 39, 0.0499
21, 40, 0.0603
21, 41, 0.0502
21, 42, 0.0400
21, 43, 0.0402
21, 44, 0.0608
21, 45, 0.0503
21, 46, 0.0406
21, 47, 0.0304
21, 48, 0.0509
21, 49, 0.0605
21, 50, 0.0502
21, 51, 0.0405
21, 52, 0.0406
21, 53, 0.0503
21, 54, 0.0505
21, 55, 0.0607
21, 56, 0.0403
21, 57, 0.0304
21, 58, 0.0505
21, 59, 0.0596
22, 23, 0.0201
22, 24, 0.0201
22, 25, 0.0306
22, 26, 0.0194
22, 27, 0
22, 28, 0.0101
22, 29, 0.0203
22, 30, 0.0296
22, 31, 0.0201
22, 32, 0
22, 33, 0.00975
22, 34, 0.0295
22, 35, 0.0204
22, 36, 0.0196
22, 37, 0
22, 38, 0.00979
22, 39, 0.0195
22, 40, 0.0300
22, 41, 0.0199
22, 42, 0.00958
22, 43, 0.00982
22, 44, 0.0304
22, 45, 0.0199
22, 46, 0.0102
22, 47, 0
22, 48, 0.0205
22, 49, 0.0301
22, 50, 0.0198
22, 51, 0.0101
22, 52, 0.0102
22, 53, 0.0199
22, 54, 0.0201
22, 55, 0.0303
22, 56, 0.00992
22, 57, 0
22, 58, 0.0201
22, 59, 0.0292
23, 24, 0.0402
23, 25, 0.0507
23, 26, 0.0395
23, 27, 0.0201
23, 28, 0.0303
23, 29, 0.0404
23, 30, 0.0497
23, 31, 0.0402
23, 32, 0.0201
23, 33, 0.0299
23, 34, 0.0497
23, 35, 0.0405
23, 36, 0.0398
23, 37, 0.0201
23, 38, 0.0299
23, 39, 0.0397
23, 40, 0.0501
23, 41, 0.0400
23, 42, 0.0297
23, 43, 0.0299
23, 44, 0.0505
23, 45, 0.0400
23, 46, 0.0303
23, 47, 0.0201
23, 48, 0.0406
23, 49, 0.0502
23, 50, 0.0400
23, 51, 0.0302
23, 52, 0.0303
23, 53, 0.0401
23, 54, 0.0402
23, 55, 0.0504
23, 56, 0.0300
23, 57, 0.0201
23, 58, 0.0402
23, 59, 0.0494
24, 25, 0.0507
24, 26, 0.0395
24, 27, 0.0201
24, 28, 0.0302
24, 29, 0.0404
24, 30, 0.0497
24, 31, 0.0401
24, 32, 0.0201
24, 33, 0.0298
24, 34, 0.0496
24, 35, 0.0404
24, 36, 0.0397
24, 37, 0.0201
24, 38, 0.0299
24, 39, 0.0396
24, 40, 0.0500
24, 41, 0.0399
24, 42, 0.0296
24, 43, 0.0299
24, 44, 0.0505
24, 45, 0.0400
24, 46, 0.0303
24, 47, 0.0201
24, 48, 0.0406
24, 49, 0.0502
24, 50, 0.0399
24, 51, 0.0302
24, 52, 0.0303
24, 53, 0.0400
24, 54, 0.0402
24, 55, 0.0504
24, 56, 0.0300
24, 57, 0.0201
24, 58, 0.0402
24, 59, 0.0493
25, 26, 0.0500
25, 27, 0.0306
25, 28, 0.0407
25, 29, 0.0509
25, 30, 0.0602
25, 31, 0.0507
25, 32, 0.0306
25, 33, 0.0403
25, 34, 0.0601
25, 35, 0.0509
25, 36, 0.0502
25, 37, 0.0306
25, 38, 0.0404
25, 39, 0.0501
25, 40, 0.0605
25, 41, 0.0504
25, 42, 0.0402
25, 43, 0.0404
25, 44, 0.0610
25, 45, 0.0505
25, 46, 0.0408
25, 47, 0.0306
25, 48, 0.0511
25, 49, 0.0607
25, 50, 0.0504
25, 51, 0.0407
25, 52, 0.0408
25, 53, 0.0505
25, 54, 0.0507
25, 55, 0.0609
25, 56, 0.0405
25, 57, 0.0306
25, 58, 0.0507
25, 59, 0.0598
26, 27, 0.0194
26, 28, 0.0295
26, 29, 0.0397
26, 30, 0.0490
26, 31, 0.0395
26, 32, 0.0194
26, 33, 0.0291
26, 34, 0.0489
26, 35, 0.0398
26, 36, 0.0390
26, 37, 0.0194
26, 38, 0.0292
26, 39, 0.0389
26, 40, 0.0494
26, 41, 0.0393
26, 42, 0.0290
26, 43, 0.0292
26, 44, 0.0498
26, 45, 0.0393
26, 46, 0.0296
26, 47, 0.0194
26, 48, 0.0399
26, 49, 0.0495
26, 50, 0.0392
26, 51, 0.0295
26, 52, 0.0296
26, 53, 0.0393
26, 54, 0.0395
26, 55, 0.0497
26, 56, 0.0293
26, 57, 0.0194
26, 58, 0.0395
26, 59, 0.0486
27, 28, 0.0101
27, 29, 0.0203
27, 30, 0.0296
27, 31, 0.0201
27, 32, 0
27, 33, 0.00975
27, 34, 0.0295
27, 35, 0.0204
27, 36, 0.0196
27, 37, 0
27, 38, 0.00979
27, 39, 0.0195
27, 40, 0.0300
27, 41, 0.0199
27, 42, 0.00958
27, 43, 0.00982
27, 44, 0.0304
27, 45, 0.0199
27, 46, 0.0102
27, 47, 0
27, 48, 0.0205
27, 49, 0.0301
27, 50, 0.0198
27, 51, 0.0101
27, 52, 0.0102
27, 53, 0.0199
27, 54, 0.0201
27, 55, 0.0303
27, 56, 0.00992
27, 57, 0
27, 58, 0.0201
27, 59, 0.0292
28, 29, 0.0304
28, 30, 0.0398
28, 31, 0.0302
28, 32, 0.0101
28, 33, 0.0199
28, 34, 0.0397
28, 35, 0.0305
28, 36, 0.0298
28, 37, 0.0101
28, 38, 0.0199
28, 39, 0.0297
28, 40, 0.0401
28, 41, 0.0300
28, 42, 0.0197
28, 43, 0.0200
28, 44, 0.0405
28, 45, 0.0300
28, 46, 0.0203
28, 47, 0.0101
28, 48, 0.0307
28, 49, 0.0402
28, 50, 0.0300
28, 51, 0.0202
28, 52, 0.0203
28, 53, 0.0301
28, 54, 0.0302
28, 55, 0.0405
28, 56, 0.0201
28, 57, 0.0101
28, 58, 0.0303
28, 59, 0.0394
29, 30, 0.0499
29, 31, 0.0404
29, 32, 0.0203
29, 33, 0.0300
29, 34, 0.0498
29, 35, 0.0406
29, 36, 0.0399
29, 37, 0.0203
29, 38, 0.0301
29, 39, 0.0398
29, 40, 0.0502
29, 41, 0.0401
29, 42, 0.0299
29, 43, 0.0301
29, 44, 0.0507
29, 45, 0.0402
29, 46, 0.0305
29, 47, 0.0203
29, 48, 0.0408
29, 49, 0.0504
29, 50, 0.0401
29, 51, 0.0304
29, 52, 0.0305
29, 53, 0.0402
29, 54, 0.0404
29, 55, 0.0506
29, 56, 0.0302
29, 57, 0.0203
29, 58, 0.0404
29, 59, 0.0495
30, 31, 0.0497
30, 32, 0.0296
30, 33, 0.0394
30, 34, 0.0592
30, 35, 0.0500
30, 36, 0.0493
30, 37, 0.0296
30, 38, 0.0394
30, 39, 0.0491
30, 40, 0.0596
30, 41, 0.0495
30, 42, 0.0392
30, 43, 0.0394
30, 44, 0.0600
30, 45, 0.0495
30, 46, 0.0398
30, 47, 0.0296
30, 48, 0.0501
30, 49, 0.0597
30, 50, 0.0495
30, 51, 0.0397
30, 52, 0.0398
30, 53, 0.0496
30, 54, 0.0497
30, 55, 0.0599
30, 56, 0.0395
30, 57, 0.0296
30, 58, 0.0497
30, 59, 0.0589
31, 32, 0.0201
31, 33, 0.0298
31, 34, 0.0496
31, 35, 0.0404
31, 36, 0.0397
31, 37, 0.0201
31, 38, 0.0299
31, 39, 0.0396
31, 40, 0.0500
31, 41, 0.0399
31, 42, 0.0296
31, 43, 0.0299
31, 44, 0.0505
31, 45, 0.0400
31, 46, 0.0303
31, 47, 0.0201
31, 48, 0.0406
31, 49, 0.0502
31, 50, 0.0399
31, 51, 0.0302
31, 52, 0.0303
31, 53, 0.0400
31, 54, 0.0402
31, 55, 0.0504
31, 56, 0.0300
31, 57, 0.0201
31, 58, 0.0402
31, 59, 0.0493
32, 33, 0.00975
32, 34, 0.0295
32, 35, 0.0204
32, 36, 0.0196
32, 37, 0
32, 38, 0.00979
32, 39, 0.0195
32, 40, 0.0300
32, 41, 0.0199
32, 42, 0.00958
32, 43, 0.00982
32, 44, 0.0304
32, 45, 0.0199
32, 46, 0.0102
32, 47, 0
32, 48, 0.0205
32, 49, 0.0301
32, 50, 0.0198
32, 51, 0.0101
32, 52, 0.0102
32, 53, 0.0199
32, 54, 0.0201
32, 55, 0.0303
32, 56, 0.00992
32, 57, 0
32, 58, 0.0201
32, 59, 0.0292
33, 34, 0.0393
33, 35, 0.0301
33, 36, 0.0294
33, 37, 0.00975
33, 38, 0.0195
33, 39, 0.0293
33, 40, 0.0397
33, 41, 0.0296
33, 42, 0.0193
33, 43, 0.0196
33, 44, 0.0402
33, 45, 0.0296
33, 46, 0.0200
33, 47, 0.00975
33, 48, 0.0303
33, 49, 0.0399
33, 50, 0.0296
33, 51, 0.0199
33, 52, 0.0199
33, 53, 0.0297
33, 54, 0.0299
33, 55, 0.0401
33, 56, 0.0197
33, 57, 0.00975
33, 58, 0.0299
33, 59, 0.0390
34, 35, 0.0499
34, 36, 0.0492
34, 37, 0.0295
34, 38, 0.0393
34, 39, 0.0491
34, 40, 0.0595
34, 41, 0.0494
34, 42, 0.0391
34, 43, 0.0394
34, 44, 0.0599
34, 45, 0.0494
34, 46, 0.0398
34, 47, 0.0295
34, 48, 0.0501
34, 49, 0.0596
34, 50, 0.0494
34, 51, 0.0396
34, 52, 0.0397
34, 53, 0.0495
34, 54, 0.0496
34, 55, 0.0599
34, 56, 0.0395
34, 57, 0.0295
34, 58, 0.0497
34, 59, 0.0588
35, 36, 0.0400
35, 37, 0.0204
35, 38, 0.0301
35, 39, 0.0399
35, 40, 0.0503
35, 41, 0.0402
35, 42, 0.0299
35, 43, 0.0302
35, 44, 0.0508
35, 45, 0.0403
35, 46, 0.0306
35, 47, 0.0204
35, 48, 0.0409
35, 49, 0.0505
35, 50, 0.0402
35, 51, 0.0305
35, 52, 0.0305
35, 53, 0.0403
35, 54, 0.0405
35, 55, 0.0507
35, 56, 0.0303
35, 57, 0.0204
35, 58, 0.0405
35, 59, 0.0496
36, 37, 0.0196
36, 38, 0.0294
36, 39, 0.0392
36, 40, 0.0496
36, 41, 0.0395
36, 42, 0.0292
36, 43, 0.0295
36, 44, 0.0500
36, 45, 0.0395
36, 46, 0.0299
36, 47, 0.0196
36, 48, 0.0402
36, 49, 0.0497
36, 50, 0.0395
36, 51, 0.0297
36, 52, 0.0298
36, 53, 0.0396
36, 54, 0.0397
36, 55, 0.0500
36, 56, 0.0296
36, 57, 0.0196
36, 58, 0.0398
36, 59, 0.0489
37, 38, 0.00979
37, 39, 0.0195
37, 40, 0.0300
37, 41, 0.0199
37, 42, 0.00958
37, 43, 0.00982
37, 44, 0.0304
37, 45, 0.0199
37, 46, 0.0102
37, 47, 0
37, 48, 0.0205
37, 49, 0.0301
37, 50, 0.0198
37, 51, 0.0101
37, 52, 0.0102
37, 53, 0.0199
37, 54, 0.0201
37, 55, 0.0303
37, 56, 0.00992
37, 57, 0
37, 58, 0.0201
37, 59, 0.0292
38, 39, 0.0293
38, 40, 0.0398
38, 41, 0.0296
38, 42, 0.0194
38, 43, 0.0196
38, 44, 0.0402
38, 45, 0.0297
38, 46, 0.0200
38, 47, 0.00979
38, 48, 0.0303
38, 49, 0.0399
38, 50, 0.0296
38, 51, 0.0199
38, 52, 0.0200
38, 53, 0.0297
38, 54, 0.0299
38, 55, 0.0401
38, 56, 0.0197
38, 57, 0.00979
38, 58, 0.0299
38, 59, 0.0390
39, 40, 0.0495
39, 41, 0.0394
39, 42, 0.0291
39, 43, 0.0293
39, 44, 0.0499
39, 45, 0.0394
39, 46, 0.0297
39, 47, 0.0195
39, 48, 0.0401
39, 49, 0.0496
39, 50, 0.0394
39, 51, 0.0296
39, 52, 0.0297
39, 53, 0.0395
39, 54, 0.0396
39, 55, 0.0499
39, 56, 0.0294
39, 57, 0.0195
39, 58, 0.0397
39, 59, 0.0488
40, 41, 0.0498
40, 42, 0.0395
40, 43, 0.0398
40, 44, 0.0604
40, 45, 0.0499
40, 46, 0.0402
40, 47, 0.0300
40, 48, 0.0505
40, 49, 0.0601
40, 50, 0.0498
40, 51, 0.0401
40, 52, 0.0402
40, 53, 0.0499
40, 54, 0.0501
40, 55, 0.0603
40, 56, 0.0399
40, 57, 0.0300
40, 58, 0.0501
40, 59, 0.0592
41, 42, 0.0294
41, 43, 0.0297
41, 44, 0.0503
41, 45, 0.0398
41, 46, 0.0301
41, 47, 0.0199
41, 48, 0.0404
41, 49, 0.0500
41, 50, 0.0397
41, 51, 0.0300
41, 52, 0.0301
41, 53, 0.0398
41, 54, 0.0400
41, 55, 0.0502
41, 56, 0.0298
41, 57, 0.0199
41, 58, 0.0400
41, 59, 0.0491
42, 43, 0.0194
42, 44, 0.0400
42, 45, 0.0295
42, 46, 0.0198
42, 47, 0.00958
42, 48, 0.0301
42, 49, 0.0397
42, 50, 0.0294
42, 51, 0.0197
42, 52, 0.0198
42, 53, 0.0295
42, 54, 0.0297
42, 55, 0.0399
42, 56, 0.0195
42, 57, 0.00958
42, 58, 0.0297
42, 59, 0.0388
43, 44, 0.0402
43, 45, 0.0297
43, 46, 0.0200
43, 47, 0.00982
43, 48, 0.0303
43, 49, 0.0399
43, 50, 0.0297
43, 51, 0.0199
43, 52, 0.0200
43, 53, 0.0298
43, 54, 0.0299
43, 55, 0.0401
43, 56, 0.0197
43, 57, 0.00982
43, 58, 0.0299
43, 59, 0.0391
44, 45, 0.0503
44, 46, 0.0406
44, 47, 0.0304
44, 48, 0.0509
44, 49, 0.0605
44, 50, 0.0502
44, 51, 0.0405
44, 52, 0.0406
44, 53, 0.0503
44, 54, 0.0505
44, 55, 0.0607
44, 56, 0.0403
44, 57, 0.0304
44, 58, 0.0505
44, 59, 0.0597
45, 46, 0.0301
45, 47, 0.0199
45, 48, 0.0404
45, 49, 0.0500
45, 50, 0.0397
45, 51, 0.0300
45, 52, 0.0301
45, 53, 0.0398
45, 54, 0.0400
45, 55, 0.0502
45, 56, 0.0298
45, 57, 0.0199
45, 58, 0.0400
45, 59, 0.0491
46, 47, 0.0102
46, 48, 0.0307
46, 49, 0.0403
46, 50, 0.0301
46, 51, 0.0203
46, 52, 0.0204
46, 53, 0.0302
46, 54, 0.0303
46, 55, 0.0405
46, 56, 0.0201
46, 57, 0.0102
46, 58, 0.0303
46, 59, 0.0395
47, 48, 0.0205
47, 49, 0.0301
47, 50, 0.0198
47, 51, 0.0101
47, 52, 0.0102
47, 53, 0.0199
47, 54, 0.0201
47, 55, 0.0303
47, 56, 0.00992
47, 57, 0
47, 58, 0.0201
47, 59, 0.0292
48, 49, 0.0506
48, 50, 0.0404
48, 51, 0.0306
48, 52, 0.0307
48, 53, 0.0405
48, 54, 0.0406
48, 55, 0.0508
48, 56, 0.0304
48, 57, 0.0205
48, 58, 0.0406
48, 59, 0.0498
49, 50, 0.0499
49, 51, 0.0402
49, 52, 0.0403
49, 53, 0.0500
49, 54, 0.0502
49, 55, 0.0604
49, 56, 0.0400
49, 57, 0.0301
49, 58, 0.0502
49, 59, 0.0593
50, 51, 0.0299
50, 52, 0.0300
50, 53, 0.0398
50, 54, 0.0399
50, 55, 0.0502
50, 56, 0.0298
50, 57, 0.0198
50, 58, 0.0400
50, 59, 0.0491
51, 52, 0.0203
51, 53, 0.0300
51, 54, 0.0302
51, 55, 0.0404
51, 56, 0.0200
51, 57, 0.0101
51, 58, 0.0302
51, 59, 0.0393
52, 53, 0.0301
52, 54, 0.0303
52, 55, 0.0405
52, 56, 0.0201
52, 57, 0.0102
52, 58, 0.0303
52, 59, 0.0394
53, 54, 0.0400
53, 55, 0.0503
53, 56, 0.0299
53, 57, 0.0199
53, 58, 0.0401
53, 59, 0.0492
54, 55, 0.0504
54, 56, 0.0300
54, 57, 0.0201
54, 58, 0.0402
54, 59, 0.0493
55, 56, 0.0402
55, 57, 0.0303
55, 58, 0.0504
55, 59, 0.0596
56, 57, 0.00992
56, 58, 0.0300
56, 59, 0.0392
57, 58, 0.0201
57, 59, 0.0292
58, 59, 0.0494
